loss,acc,val_loss,val_acc,lr,test_loss,test_acc
2.2757320404052734,0.242249995470047,2.2917821407318115,0.21819999814033508,0.0010000000474974513,2.2876968383789062,0.2248000055551529
